{
    "bestsellers": [
        {
            "Product Name and Description": "Jackfruit365 Green Jackfruit Flour-Helps Control Sugar- 400g",
            "Review": "4.2 out of 5 stars",
            "Price": "\u20b9280.00",
            "Product Link": "https://www.amazon.in/Eastern-Jackfruit365-Green-Jackfruit-Flour/dp/B08BXWVKJJ/ref=zg_bs_g_hpc_d_sccl_1/260-5934387-6879962?psc=1"
        },
        {
            "Product Name and Description": "Tide Plus Detergent Washing Powder - 6kg+2kg free | Jasmine & Rose Fragrance | Removes deep-seated Oil, Gravy, Tea Stains | 8kg, Pack of 1",
            "Review": "4.3 out of 5 stars",
            "Price": "\u20b9713.00",
            "Product Link": "https://www.amazon.in/Tide-Extra-Detergent-Washing-Powder/dp/B079QBSYSX/ref=zg_bs_g_hpc_d_sccl_2/260-5934387-6879962?psc=1"
        },
        {
            "Product Name and Description": "Surf Excel Matic Top Load Liquid Detergent 4L Refill Pouch, Specially designed to remove Tough Dried Stains, 1st time in Washing Machine",
            "Review": "4.5 out of 5 stars",
            "Price": "\u20b9590.00",
            "Product Link": "https://www.amazon.in/Surf-Excel-Detergent-Specially-designed/dp/B0CKW4VGLK/ref=zg_bs_g_hpc_d_sccl_3/260-5934387-6879962?psc=1"
        },
        {
            "Product Name and Description": "Amazon Brand - Presto! 2 Ply Kitchen Tissue Rolls | 360 Pulls | 60 Kitchen Towels X 6 Rolls | Soft And Highly Absorbent | 100% Natural Virgin Cellulose Fiber",
            "Review": "4.4 out of 5 stars",
            "Price": "\u20b9329.00",
            "Product Link": "https://www.amazon.in/Amazon-Brand-Presto-Kitchen-Tissue/dp/B07GVVCQY6/ref=zg_bs_g_hpc_d_sccl_4/260-5934387-6879962?psc=1"
        },
        {
            "Product Name and Description": "Comfort After Wash Morning Fresh Fabric Conditioner Pouch, 2 ltr, Liquid",
            "Review": "4.5 out of 5 stars",
            "Price": "\u20b9358.00",
            "Product Link": "https://www.amazon.in/Comfort-After-Morning-Fabric-Conditioner/dp/B07F8H9NYY/ref=zg_bs_g_hpc_d_sccl_5/260-5934387-6879962?psc=1"
        },
        {
            "Product Name and Description": "Dettol Liquid Handwash Refill \u2013 Skincare Hand Wash- 1350ml | pH Balanced | 10x Better Germ Protection",
            "Review": "4.5 out of 5 stars",
            "Price": "\u20b9186.00",
            "Product Link": "https://www.amazon.in/Dettol-pH-Balanced-Skincare-Liquid-Handwash/dp/B07M9XYH9K/ref=zg_bs_g_hpc_d_sccl_6/260-5934387-6879962?psc=1"
        },
        {
            "Product Name and Description": "Wellcore - Pure Micronised Creatine Monohydrate (Fruit Fusion, 33 Servings) | Rapid Absorption | Enhanced Muscle strength & Power, Powder",
            "Review": "4.3 out of 5 stars",
            "Price": "\u20b9539.00",
            "Product Link": "https://www.amazon.in/Wellcore-Micronised-Creatine-Monohydrate-Absorption/dp/B0D9BPK1NV/ref=zg_bs_g_hpc_d_sccl_7/260-5934387-6879962?psc=1"
        },
        {
            "Product Name and Description": "N/A",
            "Review": "4.3 out of 5 stars",
            "Price": "N/A",
            "Product Link": "https://www.amazon.in/LUMONY-Heating-electric-heating-Multicolour/dp/B0D9S1V9QY/ref=zg_bs_g_hpc_d_sccl_8/260-5934387-6879962?psc=1"
        },
        {
            "Product Name and Description": "Ariel Liquid Detergent Front Load - 3.2L | Removes 7 day dried-in Stains in 1 wash inside Washing Machine | Now at Price of Powders | Amazing Fragrance | Protects Colours | Dissolves Faster",
            "Review": "4.4 out of 5 stars",
            "Price": "\u20b9554.00",
            "Product Link": "https://www.amazon.in/Ariel-Front-Liquid-Detergent-3-2Ltr/dp/B0CBBSWLW4/ref=zg_bs_g_hpc_d_sccl_9/260-5934387-6879962?psc=1"
        },
        {
            "Product Name and Description": "Genteel Matic Liquid Detergent Refill Pouch for Top load Washing - 2kg | No Soda Formula | with Added Fabric Conditioner",
            "Review": "4.3 out of 5 stars",
            "Price": "\u20b9219.00",
            "Product Link": "https://www.amazon.in/Godrej-Genteel-Liquid-Detergent-Refill/dp/B07ZZD6XL1/ref=zg_bs_g_hpc_d_sccl_10/260-5934387-6879962?psc=1"
        },
        {
            "Product Name and Description": "Vim Fresh Lemon Fragrance Dishwash Liquid Gel 2L Refill Pack|| Leaves No Residue|| Grease Cleaner For Utensils - Liquid Kitchen Soap Super Saver Offer",
            "Review": "4.5 out of 5 stars",
            "Price": "\u20b9340.00",
            "Product Link": "https://www.amazon.in/VIM-Dishwash-Liquid-Lemon-Refill/dp/B08CNMBJZ7/ref=zg_bs_g_hpc_d_sccl_11/260-5934387-6879962?psc=1"
        },
        {
            "Product Name and Description": "Godrej Ezee Liquid Detergent 2 Kg Pouch For Winter-Wear, Added Conditioner, No Soda Formula, Woolmark Certified, 1 Count",
            "Review": "4.5 out of 5 stars",
            "Price": "\u20b9369.00",
            "Product Link": "https://www.amazon.in/Godrej-Ezee-Liquid-Detergent-Refill/dp/B0833HHWZS/ref=zg_bs_g_hpc_d_sccl_12/260-5934387-6879962?psc=1"
        },
        {
            "Product Name and Description": "Healthgenie Weight Machine for Body Weight Thick Tempered Glass LCD Display With 3 Years Warranty Weighing Scale (Sporty Red), 180 Kg",
            "Review": "4.1 out of 5 stars",
            "Price": "\u20b9319.00",
            "Product Link": "https://www.amazon.in/Healthgenie-Tempered-Warranty-Sporty-Red/dp/B0B1QXJG9Z/ref=zg_bs_g_hpc_d_sccl_13/260-5934387-6879962?psc=1"
        },
        {
            "Product Name and Description": "CIR Adult Diaper Pants Style | Adult Diaper Medium Size (M)|Waist (75-100 cm|30\u201d- 40\u201d) |10 hr Absorption-Protection | Unisex with Wetness Indicator | Odour Control | Goodness of Aloe Vera | 10 Units",
            "Review": "4.1 out of 5 stars",
            "Price": "\u20b9229.00",
            "Product Link": "https://www.amazon.in/CIR-Diaper-Medium-75-100-Absorption-Protection/dp/B0BJ24ZKR7/ref=zg_bs_g_hpc_d_sccl_14/260-5934387-6879962?psc=1"
        },
        {
            "Product Name and Description": "TEKCOOL heating bag, hot water bags for pain relief, heating bag electric, Heating Pad-Heat Pouch Hot Water Bottle Bag, Electric Hot Water Bag,Heating Pad For Pain Relief(Multicolour)",
            "Review": "4.7 out of 5 stars",
            "Price": "\u20b9239.00",
            "Product Link": "https://www.amazon.in/TEKCOOL-electric-Pad-Heat-Electric-Multicolour/dp/B0DJT3KZ1G/ref=zg_bs_g_hpc_d_sccl_15/260-5934387-6879962?psc=1"
        },
        {
            "Product Name and Description": "Godrej aer Power Pocket Bathroom FreshenerAssorted Pack of 5 (50g) |Gel Lasts up to 30 days | Germ Protection",
            "Review": "4.2 out of 5 stars",
            "Price": "\u20b9222.00",
            "Product Link": "https://www.amazon.in/Godrej-aer-Bathroom-Fragrance-Assorted/dp/B078CRB5WY/ref=zg_bs_g_hpc_d_sccl_16/260-5934387-6879962?psc=1"
        },
        {
            "Product Name and Description": "Vim Bar - 200gm X 4 | New Superfast Vim Dishwash Bar - Removes burnt & stickiest grease with the power of 100 lemons",
            "Review": "4.4 out of 5 stars",
            "Price": "\u20b965.00",
            "Product Link": "https://www.amazon.in/VIM-Dishwash-multipack-200g-4units/dp/B0C7CD6S9F/ref=zg_bs_g_hpc_d_sccl_17/260-5934387-6879962?psc=1"
        },
        {
            "Product Name and Description": "Good knight Flash Liquid Vapourizer | Mosquito Repellent Refill | Lavender Fragrance | Pack of 4 (45ml each)",
            "Review": "4.2 out of 5 stars",
            "Price": "\u20b9239.00",
            "Product Link": "https://www.amazon.in/Good-Vapourizer-Mosquito-Repellent-Fragrance/dp/B0C86RTS5X/ref=zg_bs_g_hpc_d_sccl_18/260-5934387-6879962?psc=1"
        },
        {
            "Product Name and Description": "Amazon Brand - Solimo 3 Ply Toilet Paper Roll | 1920 Pulls | 160 Pulls X 12 Rolls | Soft And Highly Absorbent | 100% Natural Virgin Cellulose Fiber",
            "Review": "4.1 out of 5 stars",
            "Price": "\u20b9299.00",
            "Product Link": "https://www.amazon.in/Amazon-Brand-Solimo-Bathroom-Tissue/dp/B07GVZFN92/ref=zg_bs_g_hpc_d_sccl_19/260-5934387-6879962?psc=1"
        },
        {
            "Product Name and Description": "Surf Excel Matic Front Load Liquid Detergent 4L Refill Pouch, Designed for Tough Stain Removal on Laundry in Washing Machines - Mega Saver Pack",
            "Review": "4.5 out of 5 stars",
            "Price": "\u20b9672.00",
            "Product Link": "https://www.amazon.in/Surf-Excel-Detergent-Designed-Machines/dp/B0CKW6NVND/ref=zg_bs_g_hpc_d_sccl_20/260-5934387-6879962?psc=1"
        },
        {
            "Product Name and Description": "Harpic 1 Litre (Pack of 2) - Original, Disinfectant Toilet Cleaner Liquid | Suitable for Toilet Bowls",
            "Review": "4.4 out of 5 stars",
            "Price": "\u20b9360.00",
            "Product Link": "https://www.amazon.in/Harpic-Original-Powerplus-Pack/dp/B016D3J92M/ref=zg_bs_g_hpc_d_sccl_21/260-5934387-6879962?psc=1"
        },
        {
            "Product Name and Description": "Amazon Brand - Presto! Active Wash Detergent Powder | 8 Kg | Tough On Stains | Gentle On Fabrics | Colour-Safe | Refreshing Fragrance | Machine And Hand Wash",
            "Review": "4.0 out of 5 stars",
            "Price": "\u20b9451.48",
            "Product Link": "https://www.amazon.in/Amazon-Brand-Detergent-Colour-Safe-Refreshing/dp/B0CV7J49TQ/ref=zg_bs_g_hpc_d_sccl_22/260-5934387-6879962?psc=1"
        },
        {
            "Product Name and Description": "Surf Excel Matic Front Load Liquid Detergent 3.2 L Refill, Designed for Tough Stain Removal on Laundry in Washing Machines - Mega Pack",
            "Review": "4.5 out of 5 stars",
            "Price": "\u20b9535.00",
            "Product Link": "https://www.amazon.in/Surf-Excel-Detergent-Designed-Machines/dp/B0BHHY75T6/ref=zg_bs_g_hpc_d_sccl_23/260-5934387-6879962?psc=1"
        },
        {
            "Product Name and Description": "PLIX - THE PLANT FIX Apple Cider Vinegar 15 Effervescent Tablet, ACV with mother for weight loss and easy digestion, vitamin B6 & B12, Pack of 4 (Apple), 100% vegan, Easy to carry & consume",
            "Review": "4.0 out of 5 stars",
            "Price": "\u20b91,120.00",
            "Product Link": "https://www.amazon.in/PLIX-Vinegar-Effervescent-Tablets-vitamin/dp/B09RTHZR26/ref=zg_bs_g_hpc_d_sccl_24/260-5934387-6879962?psc=1"
        },
        {
            "Product Name and Description": "Whisper Super Absorbent Period Panty, 6 M-L Pants, 360 Degree Leakage Protection for Heavy Flow, Panty like Fit for Full back Coverage, Absorbs Heavy Gushes, Silky Soft, Comfortable Feel",
            "Review": "4.5 out of 5 stars",
            "Price": "\u20b9199.00",
            "Product Link": "https://www.amazon.in/Whisper-Absorbent-Protection-Coverage-Comfortable/dp/B09NL6TTLM/ref=zg_bs_g_hpc_d_sccl_25/260-5934387-6879962?psc=1"
        },
        {
            "Product Name and Description": "Surf Excel Easy Wash Detergent Powder - 5 Kg",
            "Review": "4.4 out of 5 stars",
            "Price": "\u20b9631.00",
            "Product Link": "https://www.amazon.in/Surf-Excel-Easy-Detergent-Powder/dp/B09C3VGV8G/ref=zg_bs_g_hpc_d_sccl_26/260-5934387-6879962?psc=1"
        },
        {
            "Product Name and Description": "Boldfit Weight Machine for Body Weight Weighing Machine Digital Bathroom Scale for Human Body Weight Measurement Extra Thick Weighing Scale for Home with Large LCD Display 36 Months Warranty -Magnum",
            "Review": "4.1 out of 5 stars",
            "Price": "\u20b9399.00",
            "Product Link": "https://www.amazon.in/Boldfit-Weighing-Bathroom-Measurement-Warranty/dp/B0DKTKTVJ8/ref=zg_bs_g_hpc_d_sccl_27/260-5934387-6879962?psc=1"
        },
        {
            "Product Name and Description": "HIT Anti Roach Gel - Cockroach Killer (20g) | Kitchen Safe | Odourless | Fast and Convenient, Pack of 1",
            "Review": "4.0 out of 5 stars",
            "Price": "\u20b9199.00",
            "Product Link": "https://www.amazon.in/HIT-Ant1RoachGel-Anti-Roach-Gel/dp/B00YUNKKP8/ref=zg_bs_g_hpc_d_sccl_28/260-5934387-6879962?psc=1"
        },
        {
            "Product Name and Description": "Evereve Ultra Absorbent Disposable Period Panties, L-Xl, 10's Pack, 0% Leaks, Sanitary Protection For Women & Girls, Maternity Delivery Pads, 360? Protection, Postpartum & Overnight Use, Heavy Flow",
            "Review": "4.5 out of 5 stars",
            "Price": "\u20b9215.00",
            "Product Link": "https://www.amazon.in/Absorbent-Disposable-Protection-Maternity-Overnight/dp/B09T9BSF1R/ref=zg_bs_g_hpc_d_sccl_29/260-5934387-6879962?psc=1"
        },
        {
            "Product Name and Description": "Stayfree Secure xl | 40 Pads | Cottony Soft Sanitary Pads for Women | With LeakLock Technology | Odour Control | Absorbs upto 100% fluid | Up to 12 Hours of Protection |",
            "Review": "4.4 out of 5 stars",
            "Price": "\u20b9244.00",
            "Product Link": "https://www.amazon.in/Stayfree-Secure-Cottony-Sanitary-napkins/dp/B07DVLY8K8/ref=zg_bs_g_hpc_d_sccl_30/260-5934387-6879962?psc=1"
        }
    ]
}